{"cameraMode":{"drawMode":0,"name":"Shaded","section":"Shading Mode"},"sceneLighting":true,"audioPlay":false,"sceneViewState":{"m_AlwaysRefresh":false,"showFog":true,"showSkybox":true,"showFlares":true,"showImageEffects":true,"showParticleSystems":true,"showVisualEffectGraphs":true,"m_FxEnabled":true},"in2DMode":false,"pivot":{"x":-19.397109985351564,"y":10.947212219238282,"z":-108.35450744628906},"rotation":{"x":0.23958276212215424,"y":-0.48603272438049319,"z":0.14044636487960816,"w":0.828705370426178},"size":151.90528869628907,"orthographic":true}