{"cameraMode":{"drawMode":0,"name":"Shaded","section":"Shading Mode"},"sceneLighting":false,"audioPlay":false,"sceneViewState":{"m_AlwaysRefresh":false,"showFog":true,"showSkybox":false,"showFlares":true,"showImageEffects":true,"showParticleSystems":true,"showVisualEffectGraphs":true,"m_FxEnabled":true},"in2DMode":false,"pivot":{"x":2.106192111968994,"y":0.0543673001229763,"z":1.5303428173065186},"rotation":{"x":-0.05933591350913048,"y":-0.030522748827934266,"z":0.001958834007382393,"w":-0.9978390336036682},"size":0.06478215008974076,"orthographic":true}